2|&2|&^|&A|&r|&c|&h|&i|&v|&e|&r|&^|&S|&i|&m|&p|&l|&y|& |&a|&r|&c|&h|&i|&v|&e|&s|& |&f|&i|&l|&e|&s|& |&u|&s|&i|&n|&g|& |&g|&z|&i|&p|& |&a|&l|&g|&o|&r|&i|&t|&h|&m|&.|& |&T|&h|&i|&s|& |&s|&c|&e|&n|&a|&r|&i|&o|& |&s|&h|&o|&u|&l|&d|& |&n|&o|&t|& |&b|&e|& |&b|&l|&o|&c|&k|&e|&d|&!|&
2|&1|&^|&C|&o|&l|&l|&a|&b|&o|&r|&a|&t|&o|&r|&^|&E|&n|&c|&r|&y|&p|&t|&s|& |&f|&i|&l|&e|&s|& |&s|&i|&m|&i|&l|&a|&r|&l|&y|& |&t|&o|& |&a|& |&c|&o|&m|&m|&o|&n|& |&v|&e|&r|&s|&i|&o|&n|& |&o|&f|& |&C|&r|&i|&t|&r|&o|&n|&i|&.|& |&H|&o|&w|&e|&v|&e|&r|&,|& |&i|&t|& |&r|&e|&l|&i|&e|&s|& |&o|&n|& |&d|&i|&f|&f|&e|&r|&e|&n|&t|& |&p|&r|&o|&c|&e|&s|&s|&e|&s|& |&f|&o|&r|& |&f|&i|&l|&e|& |&e|&n|&u|&m|&e|&r|&a|&t|&i|&o|&n|&,|& |&m|&o|&v|&e|&m|&e|&n|&t|& |&a|&n|&d|& |&d|&e|&l|&e|&t|&i|&o|&n|&.|&
2|&0|&^|&C|&r|&i|&t|&r|&o|&n|&i|&V|&a|&r|&i|&a|&n|&t|&^|&S|&i|&m|&u|&l|&a|&t|&e|&s|& |&t|&h|&e|& |&b|&e|&h|&a|&v|&i|&o|&r|& |&o|&f|& |&a|& |&c|&o|&m|&m|&o|&n|& |&v|&e|&r|&s|&i|&o|&n|& |&o|&f|& |&C|&r|&i|&t|&r|&o|&n|&i|& |&r|&a|&n|&s|&o|&m|&w|&a|&r|&e|&.|&
1|&9|&^|&H|&o|&l|&l|&o|&w|&I|&n|&j|&e|&c|&t|&o|&r|&^|&E|&n|&c|&r|&y|&p|&t|&s|& |&f|&i|&l|&e|&s|& |&b|&y|& |&i|&n|&j|&e|&c|&t|&i|&n|&g|& |&t|&h|&e|& |&e|&n|&c|&r|&y|&p|&t|&i|&o|&n|& |&c|&o|&d|&e|& |&i|&n|&t|&o|& |&a|& |&l|&e|&g|&i|&t|&i|&m|&a|&t|&e|& |&p|&r|&o|&c|&e|&s|&s|& |&u|&s|&i|&n|&g|& |&p|&r|&o|&c|&e|&s|&s|& |&h|&o|&l|&l|&o|&w|&i|&n|&g|&.|&
1|&8|&^|&I|&n|&j|&e|&c|&t|&o|&r|&^|&E|&n|&c|&r|&y|&p|&t|&s|& |&f|&i|&l|&e|&s|& |&b|&y|& |&i|&n|&j|&e|&c|&t|&i|&n|&g|& |&t|&h|&e|& |&e|&n|&c|&r|&y|&p|&t|&i|&o|&n|& |&c|&o|&d|&e|& |&i|&n|&t|&o|& |&a|& |&l|&e|&g|&i|&t|&i|&m|&a|&t|&e|& |&p|&r|&o|&c|&e|&s|&s|& |&u|&s|&i|&n|&g|& |&a|& |&c|&o|&m|&m|&o|&n|& |&a|&p|&p|&r|&o|&a|&c|&h|&.|&
1|&7|&^|&I|&n|&s|&i|&d|&e|&C|&r|&y|&p|&t|&o|&r|&^|&E|&n|&c|&r|&y|&p|&t|&s|& |&f|&i|&l|&e|&s|& |&u|&s|&i|&n|&g|& |&s|&t|&r|&o|&n|&g|& |&e|&n|&c|&r|&y|&p|&t|&i|&o|&n|& |&a|&n|&d|& |&o|&v|&e|&r|&w|&r|&i|&t|&e|&s|& |&m|&o|&s|&t|& |&o|&f|& |&t|&h|&e|& |&c|&o|&n|&t|&e|&n|&t|& |&o|&f|& |&t|&h|&e|& |&o|&r|&i|&g|&i|&n|&a|&l|& |&f|&i|&l|&e|&s|& |&w|&i|&t|&h|& |&t|&h|&e|& |&e|&n|&c|&r|&y|&p|&t|&e|&d|& |&d|&a|&t|&a|&.|&
1|&6|&^|&L|&o|&c|&k|&y|&V|&a|&r|&i|&a|&n|&t|&^|&S|&i|&m|&u|&l|&a|&t|&e|&s|& |&t|&h|&e|& |&f|&i|&l|&e|& |&a|&c|&t|&i|&v|&i|&t|&y|& |&p|&e|&r|&f|&o|&r|&m|&e|&d|& |&b|&y|& |&a|& |&p|&o|&p|&u|&l|&a|&r|& |&v|&e|&r|&s|&i|&o|&n|& |&o|&f|& |&L|&o|&c|&k|&y|& |&r|&a|&n|&s|&o|&m|&w|&a|&r|&e|&.|&
1|&5|&^|&M|&a|&z|&e|&V|&a|&r|&i|&a|&n|&t|&^|&S|&i|&m|&u|&l|&a|&t|&e|&s|& |&f|&i|&l|&e|& |&r|&e|&l|&a|&t|&e|&d|& |&o|&p|&e|&r|&a|&t|&i|&o|&n|&s|& |&p|&e|&r|&f|&o|&r|&m|&e|&d|& |&b|&y|& |&M|&a|&z|&e|& |&r|&a|&n|&s|&o|&m|&w|&a|&r|&e|&.|&
1|&4|&^|&M|&o|&v|&e|&r|&^|&E|&n|&c|&r|&y|&p|&t|&s|& |&f|&i|&l|&e|&s|& |&i|&n|& |&a|& |&d|&i|&f|&f|&e|&r|&e|&n|&t|& |&f|&o|&l|&d|&e|&r|& |&u|&s|&i|&n|&g|& |&s|&t|&r|&o|&n|&g|& |&e|&n|&c|&r|&y|&p|&t|&i|&o|&n|& |&a|&n|&d|& |&s|&a|&f|&e|&l|&y|& |&d|&e|&l|&e|&t|&e|&s|& |&t|&h|&e|& |&o|&r|&i|&g|&i|&n|&a|&l|& |&f|&i|&l|&e|&s|&.|&
1|&3|&^|&P|&a|&y|&m|&e|&r|&V|&a|&r|&i|&a|&n|&t|&^|&S|&i|&m|&u|&l|&a|&t|&e|&s|& |&f|&i|&l|&e|& |&r|&e|&l|&a|&t|&e|&d|& |&o|&p|&e|&r|&a|&t|&i|&o|&n|&s|& |&p|&e|&r|&f|&o|&r|&m|&e|&d|& |&b|&y|& |&D|&o|&p|&p|&e|&l|&P|&a|&y|&m|&e|&r|&-|&l|&i|&k|&e|& |&r|&a|&n|&s|&o|&m|&w|&a|&r|&e|&.|&
1|&2|&^|&R|&e|&f|&l|&e|&c|&t|&i|&v|&e|&I|&n|&j|&e|&c|&t|&o|&r|&^|&E|&n|&c|&r|&y|&p|&t|&s|& |&f|&i|&l|&e|&s|& |&b|&y|& |&i|&n|&j|&e|&c|&t|&i|&n|&g|& |&t|&h|&e|& |&e|&n|&c|&r|&y|&p|&t|&i|&o|&n|& |&c|&o|&d|&e|& |&i|&n|&t|&o|& |&a|& |&l|&e|&g|&i|&t|&i|&m|&a|&t|&e|& |&p|&r|&o|&c|&e|&s|&s|& |&u|&s|&i|&n|&g|& |&a|&n|& |&a|&d|&v|&a|&n|&c|&e|&d|& |&a|&p|&p|&r|&o|&a|&c|&h|&.|&
1|&1|&^|&R|&e|&m|&o|&v|&e|&r|&^|&S|&i|&m|&p|&l|&y|& |&d|&e|&l|&e|&t|&e|&s|& |&f|&i|&l|&e|&s|& |&a|&n|&d|& |&d|&o|&e|&s|& |&n|&o|&t|& |&c|&r|&e|&a|&t|&e|& |&a|&n|&y|& |&f|&i|&l|&e|&.|& |&T|&h|&i|&s|& |&s|&c|&e|&n|&a|&r|&i|&o|& |&s|&h|&o|&u|&l|&d|& |&n|&o|&t|& |&b|&e|& |&b|&l|&o|&c|&k|&e|&d|&!|&
1|&0|&^|&R|&e|&p|&l|&a|&c|&e|&r|&^|&R|&e|&p|&l|&a|&c|&e|&s|& |&t|&h|&e|& |&c|&o|&n|&t|&e|&n|&t|& |&o|&f|& |&t|&h|&e|& |&o|&r|&i|&g|&i|&n|&a|&l|& |&f|&i|&l|&e|&s|&.|& |&A|& |&r|&e|&a|&l|& |&r|&a|&n|&s|&o|&m|&w|&a|&r|&e|& |&w|&o|&u|&l|&d|& |&s|&h|&o|&w|& |&a|& |&m|&e|&s|&s|&a|&g|&e|& |&t|&h|&a|&t|& |&f|&o|&o|&l|&s|& |&u|&s|&e|&r|&s|& |&i|&n|&t|&o|& |&t|&h|&i|&n|&k|&i|&n|&g|& |&t|&h|&e|&y|& |&c|&a|&n|& |&r|&e|&c|&o|&v|&e|&r|& |&t|&h|&e|&m|&.|&
9|&^|&R|&i|&g|&S|&i|&m|&u|&l|&a|&t|&o|&r|&^|&S|&i|&m|&u|&l|&a|&t|&e|&s|& |&a|& |&m|&i|&n|&i|&n|&g|& |&r|&i|&g|& |&w|&h|&i|&c|&h|& |&u|&s|&e|&s|& |&t|&h|&e|& |&m|&a|&c|&h|&i|&n|&e|& |&C|&P|&U|& |&t|&o|& |&m|&i|&n|&e|& |&M|&o|&n|&e|&r|&o|&.|&
8|&^|&R|&I|&P|&l|&a|&c|&e|&r|&^|&A|&t|&t|&e|&m|&p|&t|&s|& |&t|&o|& |&e|&n|&c|&r|&y|&p|&t|& |&f|&i|&l|&e|&s|& |&i|&n|& |&a|& |&f|&o|&l|&d|&e|&r|& |&s|&u|&b|&j|&e|&c|&t|& |&t|&o|& |&c|&o|&n|&t|&r|&o|&l|&l|&e|&d|& |&f|&o|&l|&d|&e|&r|& |&a|&c|&c|&e|&s|&s|& |&r|&a|&n|&s|&o|&m|&w|&a|&r|&e|& |&p|&r|&o|&t|&e|&c|&t|&i|&o|&n|&.|& |&T|&h|&i|&s|& |&s|&c|&e|&n|&a|&r|&i|&o|& |&r|&e|&q|&u|&i|&r|&e|&s|& |&s|&p|&e|&c|&i|&a|&l|& |&s|&e|&t|&t|&i|&n|&g|&s|&.|& |&C|&h|&e|&c|&k|& |&t|&h|&e|& |&h|&e|&l|&p|& |&p|&a|&g|&e|& |&f|&o|&r|& |&d|&e|&t|&a|&i|&l|&s|&.|&
7|&^|&S|&l|&o|&w|&C|&r|&y|&p|&t|&o|&r|&^|&S|&i|&m|&u|&l|&a|&t|&e|&s|& |&t|&h|&e|& |&b|&e|&h|&a|&v|&i|&o|&r|& |&o|&f|& |&a|& |&r|&a|&n|&s|&o|&m|&w|&a|&r|&e|& |&v|&a|&r|&i|&a|&n|&t|& |&t|&h|&a|&t|& |&e|&n|&c|&r|&y|&p|&t|&s|& |&f|&i|&l|&e|&s|& |&s|&l|&o|&w|&l|&y|&,|& |&t|&o|& |&a|&v|&o|&i|&d|& |&d|&e|&t|&e|&c|&t|&i|&o|&n|& |&b|&y|& |&s|&e|&c|&u|&r|&i|&t|&y|& |&p|&r|&o|&d|&u|&c|&t|&s|&.|&
6|&^|&S|&t|&r|&e|&a|&m|&e|&r|&^|&E|&n|&c|&r|&y|&p|&t|&s|& |&f|&i|&l|&e|&s|& |&a|&n|&d|& |&w|&r|&i|&t|&e|&s|& |&d|&a|&t|&a|& |&i|&n|&t|&o|& |&a|& |&s|&i|&n|&g|&l|&e|& |&f|&i|&l|&e|&,|& |&u|&s|&i|&n|&g|& |&s|&t|&r|&o|&n|&g|& |&e|&n|&c|&r|&y|&p|&t|&i|&o|&n|&,|& |&t|&h|&e|&n|& |&d|&e|&l|&e|&t|&e|&s|& |&t|&h|&e|& |&o|&r|&i|&g|&i|&n|&a|&l|& |&f|&i|&l|&e|&s|&.|&
5|&^|&S|&t|&r|&o|&n|&g|&C|&r|&y|&p|&t|&o|&r|&^|&E|&n|&c|&r|&y|&p|&t|&s|& |&f|&i|&l|&e|&s|& |&u|&s|&i|&n|&g|& |&s|&t|&r|&o|&n|&g|& |&e|&n|&c|&r|&y|&p|&t|&i|&o|&n|& |&a|&n|&d|& |&s|&a|&f|&e|&l|&y|& |&d|&e|&l|&e|&t|&e|&s|& |&t|&h|&e|& |&o|&r|&i|&g|&i|&n|&a|&l|& |&f|&i|&l|&e|&s|&.|&
4|&^|&S|&t|&r|&o|&n|&g|&C|&r|&y|&p|&t|&o|&r|&F|&a|&s|&t|&^|&E|&n|&c|&r|&y|&p|&t|&s|& |&f|&i|&l|&e|&s|& |&u|&s|&i|&n|&g|& |&s|&t|&r|&o|&n|&g|& |&e|&n|&c|&r|&y|&p|&t|&i|&o|&n|& |&a|&n|&d|& |&d|&e|&l|&e|&t|&e|&s|& |&t|&h|&e|& |&o|&r|&i|&g|&i|&n|&a|&l|& |&f|&i|&l|&e|&s|&.|&
3|&^|&S|&t|&r|&o|&n|&g|&C|&r|&y|&p|&t|&o|&r|&N|&e|&t|&^|&E|&n|&c|&r|&y|&p|&t|&s|& |&f|&i|&l|&e|&s|& |&u|&s|&i|&n|&g|& |&s|&t|&r|&o|&n|&g|& |&e|&n|&c|&r|&y|&p|&t|&i|&o|&n|& |&a|&n|&d|& |&d|&e|&l|&e|&t|&e|&s|& |&t|&h|&e|& |&o|&r|&i|&g|&i|&n|&a|&l|& |&f|&i|&l|&e|&s|&.|& |&I|&t|& |&a|&l|&s|&o|& |&s|&i|&m|&u|&l|&a|&t|&e|&s|& |&s|&e|&n|&d|&i|&n|&g|& |&t|&h|&e|& |&e|&n|&c|&r|&y|&p|&t|&i|&o|&n|& |&k|&e|&y|& |&t|&o|& |&a|& |&s|&e|&r|&v|&e|&r|& |&u|&s|&i|&n|&g|& |&a|&n|& |&H|&T|&T|&P|& |&c|&o|&n|&n|&e|&c|&t|&i|&o|&n|&.|&
2|&^|&T|&h|&o|&r|&V|&a|&r|&i|&a|&n|&t|&^|&S|&i|&m|&u|&l|&a|&t|&e|&s|& |&f|&i|&l|&e|& |&r|&e|&l|&a|&t|&e|&d|& |&o|&p|&e|&r|&a|&t|&i|&o|&n|&s|& |&p|&e|&r|&f|&o|&r|&m|&e|&d|& |&b|&y|& |&T|&h|&o|&r|& |&r|&a|&n|&s|&o|&m|&w|&a|&r|&e|&.|&
1|&^|&V|&i|&r|&l|&o|&c|&k|&V|&a|&r|&i|&a|&n|&t|&^|&S|&i|&m|&u|&l|&a|&t|&e|&s|& |&f|&i|&l|&e|& |&r|&e|&l|&a|&t|&e|&d|& |&a|&c|&t|&i|&v|&i|&t|&y|& |&o|&f|& |&a|& |&c|&o|&m|&m|&o|&n|& |&v|&e|&r|&s|&i|&o|&n|& |&o|&f|& |&V|&i|&r|&l|&o|&c|&k|& |&r|&a|&n|&s|&o|&m|&w|&a|&r|&e|&.|&
0|&^|&W|&e|&a|&k|&C|&r|&y|&p|&t|&o|&r|&^|&E|&n|&c|&r|&y|&p|&t|&s|& |&f|&i|&l|&e|&s|& |&u|&s|&i|&n|&g|& |&w|&e|&a|&k|& |&e|&n|&c|&r|&y|&p|&t|&i|&o|&n|& |&a|&n|&d|& |&d|&e|&l|&e|&t|&e|&s|& |&t|&h|&e|& |&o|&r|&i|&g|&i|&n|&a|&l|& |&f|&i|&l|&e|&s|&.|&
